BD100220446439,Dhaka,Mirpur,1216,Bangladesh
BD10135536036,Dhaka,Gulshan,1212,Bangladesh
BD102180024579,Dhaka,Uttara,1230,Bangladesh
BD103113107829,Dhaka,Farmgate,1215,Bangladesh
BD104081059574,Dhaka,Dhanmondi,1209,Bangladesh
BD105660073421,Dhaka,Banani,1213,Bangladesh
BD106962621935,Dhaka,Mirpur,1216,Bangladesh
BD107414497507,Dhaka,Gulshan,1212,Bangladesh
BD10748236369,Dhaka,Mirpur,1216,Bangladesh
BD108220446439,Dhaka,Uttara,1230,Bangladesh
BD10935536036,Dhaka,Farmgate,1215,Bangladesh
BD110113107829,Dhaka,Dhanmondi,1209,Bangladesh
BD111081059574,Dhaka,Banani,1213,Bangladesh
BD1112660073421,Dhaka,Mirpur,1216,Bangladesh
BD113962621935,Dhaka,Gulshan,1212,Bangladesh
BD114414497507,Dhaka,Uttara,1230,Bangladesh
BD115220446439,Dhaka,Farmgate,1215,Bangladesh
BD11635536036,Dhaka,Dhanmondi,1209,Bangladesh
BD117180024579,Dhaka,Banani,1213,Bangladesh
BD118113107829,Dhaka,Mirpur,1216,Bangladesh
BD119081059574,Dhaka,Gulshan,1212,Bangladesh
BD11952726378,Dhaka,Gulshan,1212,Bangladesh
BD120660073421,Dhaka,Uttara,1230,Bangladesh
BD121962621935,Dhaka,Farmgate,1215,Bangladesh
BD122414497507,Dhaka,Dhanmondi,1209,Bangladesh
BD123220446439,Dhaka,Banani,1213,Bangladesh
BD12435536036,Dhaka,Mirpur,1216,Bangladesh
BD125180024579,Dhaka,Gulshan,1212,Bangladesh
BD126113107829,Dhaka,Uttara,1230,Bangladesh
BD127081059574,Dhaka,Farmgate,1215,Bangladesh
BD128660073421,Dhaka,Dhanmondi,1209,Bangladesh
BD1290010488,Dhaka,Uttara,1230,Bangladesh
BD129962621935,Dhaka,Banani,1213,Bangladesh
BD130414497507,Dhaka,Mirpur,1216,Bangladesh
BD131220446439,Dhaka,Gulshan,1212,Bangladesh
BD13235536036,Dhaka,Uttara,1230,Bangladesh
BD133113107829,Dhaka,Farmgate,1215,Bangladesh
BD134081059574,Dhaka,Dhanmondi,1209,Bangladesh
BD1346191671,Dhaka,Farmgate,1215,Bangladesh
BD135660073421,Dhaka,Banani,1213,Bangladesh
BD136962621935,Dhaka,Mirpur,1216,Bangladesh
BD137414497507,Dhaka,Gulshan,1212,Bangladesh
BD138220446439,Dhaka,Uttara,1230,Bangladesh
BD13935536036,Dhaka,Farmgate,1215,Bangladesh
BD140180024579,Dhaka,Dhanmondi,1209,Bangladesh
BD141113107829,Dhaka,Banani,1213,Bangladesh
BD142081059574,Dhaka,Mirpur,1216,Bangladesh
BD143660073421,Dhaka,Gulshan,1212,Bangladesh
BD14415988209,Dhaka,Dhanmondi,1209,Bangladesh
BD144962621935,Dhaka,Uttara,1230,Bangladesh
BD145414497507,Dhaka,Farmgate,1215,Bangladesh
BD146220446439,Dhaka,Dhanmondi,1209,Bangladesh
BD14735536036,Dhaka,Banani,1213,Bangladesh
BD148180024579,Dhaka,Mirpur,1216,Bangladesh
BD149113107829,Dhaka,Gulshan,1212,Bangladesh
BD150081059574,Dhaka,Uttara,1230,Bangladesh
BD1570243766,Dhaka,Banani,1213,Bangladesh
BD159745989574,Dhaka,Motijheel,1240,Bangladesh
BD16695398361,Dhaka,Mirpur,1216,Bangladesh
BD1731698057,Dhaka,Gulshan,1212,Bangladesh
BD1820402389,Dhaka,Farmgate,1215,Bangladesh
BD18820844372,Dhaka,Uttara,1230,Bangladesh
BD19635301502,Dhaka,Farmgate,1215,Bangladesh
BD20592572415,Dhaka,Dhanmondi,1209,Bangladesh
BD2084380797,Dhaka,Dhanmondi,1209,Bangladesh
BD21695638946,Dhaka,Banani,1213,Bangladesh
BD22523227877,Dhaka,Mirpur,1216,Bangladesh
BD23525192913,Dhaka,Gulshan,1212,Bangladesh
BD24894502046,Dhaka,Uttara,1230,Bangladesh
BD25444857365,Dhaka,Farmgate,1215,Bangladesh
BD26565013916,Dhaka,Dhanmondi,1209,Bangladesh
BD27869618408,Dhaka,Banani,1213,Bangladesh
BD28876823297,Dhaka,Mirpur,1216,Bangladesh
BD29365171402,Dhaka,Gulshan,1212,Bangladesh
BD30384592528,Dhaka,Uttara,1230,Bangladesh
BD31330626138,Dhaka,Farmgate,1215,Bangladesh
BD32642030125,Dhaka,Dhanmondi,1209,Bangladesh
BD33362494223,Dhaka,Banani,1213,Bangladesh
BD34537826502,Dhaka,Mirpur,1216,Bangladesh
BD35729571898,Dhaka,Gulshan,1212,Bangladesh
BD36051659225,Dhaka,Uttara,1230,Bangladesh
BD3685178354,Dhaka,Banani,1213,Bangladesh
BD37764176549,Dhaka,Farmgate,1215,Bangladesh
BD38851967706,Dhaka,Dhanmondi,1209,Bangladesh
BD39646286008,Dhaka,Banani,1213,Bangladesh
BD40224914104,Dhaka,Mirpur,1216,Bangladesh
BD41113107829,Dhaka,Gulshan,1212,Bangladesh
BD4195222581,Dhaka,Mirpur,1216,Bangladesh
BD42081059574,Dhaka,Uttara,1230,Bangladesh
BD43660073421,Dhaka,Farmgate,1215,Bangladesh
BD44962621935,Dhaka,Dhanmondi,1209,Bangladesh
BD45414497507,Dhaka,Banani,1213,Bangladesh
BD46220446439,Dhaka,Mirpur,1216,Bangladesh
BD4735536036,Dhaka,Gulshan,1212,Bangladesh
BD48180024579,Dhaka,Uttara,1230,Bangladesh
BD49113107829,Dhaka,Farmgate,1215,Bangladesh
BD50081059574,Dhaka,Dhanmondi,1209,Bangladesh
BD51660073421,Dhaka,Banani,1213,Bangladesh
BD52962621935,Dhaka,Mirpur,1216,Bangladesh
BD53414497507,Dhaka,Gulshan,1212,Bangladesh
BD54220446439,Dhaka,Uttara,1230,Bangladesh
BD5535536036,Dhaka,Farmgate,1215,Bangladesh
BD56180024579,Dhaka,Dhanmondi,1209,Bangladesh
BD57113107829,Dhaka,Banani,1213,Bangladesh
BD58081059574,Dhaka,Mirpur,1216,Bangladesh
BD59660073421,Dhaka,Gulshan,1212,Bangladesh
BD5995264204,Dhaka,Gulshan,1212,Bangladesh
BD60962621935,Dhaka,Uttara,1230,Bangladesh
BD61414497507,Dhaka,Farmgate,1215,Bangladesh
BD62220446439,Dhaka,Dhanmondi,1209,Bangladesh
BD6335536036,Dhaka,Banani,1213,Bangladesh
BD6396987643,Dhaka,Uttara,1230,Bangladesh
BD64113107829,Dhaka,Mirpur,1216,Bangladesh
BD65081059574,Dhaka,Gulshan,1212,Bangladesh
BD66660073421,Dhaka,Uttara,1230,Bangladesh
BD67962621935,Dhaka,Farmgate,1215,Bangladesh
BD68414497507,Dhaka,Dhanmondi,1209,Bangladesh
BD69220446439,Dhaka,Banani,1213,Bangladesh
BD7035536036,Dhaka,Mirpur,1216,Bangladesh
BD71180024579,Dhaka,Gulshan,1212,Bangladesh
BD72113107829,Dhaka,Uttara,1230,Bangladesh
BD73081059574,Dhaka,Farmgate,1215,Bangladesh
BD7381650785,Dhaka,Farmgate,1215,Bangladesh
BD74660073421,Dhaka,Dhanmondi,1209,Bangladesh
BD75962621935,Dhaka,Banani,1213,Bangladesh
BD76414497507,Dhaka,Mirpur,1216,Bangladesh
BD77220446439,Dhaka,Gulshan,1212,Bangladesh
BD7835536036,Dhaka,Uttara,1230,Bangladesh
BD79180024579,Dhaka,Farmgate,1215,Bangladesh
BD80113107829,Dhaka,Dhanmondi,1209,Bangladesh
BD81081059574,Dhaka,Banani,1213,Bangladesh
BD82660073421,Dhaka,Mirpur,1216,Bangladesh
BD8338171718,Dhaka,Dhanmondi,1209,Bangladesh
BD83962621935,Dhaka,Gulshan,1212,Bangladesh
BD84414497507,Dhaka,Uttara,1230,Bangladesh
BD85220446439,Dhaka,Farmgate,1215,Bangladesh
BD8635536036,Dhaka,Dhanmondi,1209,Bangladesh
BD87113107829,Dhaka,Banani,1213,Bangladesh
BD88081059574,Dhaka,Mirpur,1216,Bangladesh
BD89660073421,Dhaka,Gulshan,1212,Bangladesh
BD90962621935,Dhaka,Uttara,1230,Bangladesh
BD91414497507,Dhaka,Farmgate,1215,Bangladesh
BD92220446439,Dhaka,Dhanmondi,1209,Bangladesh
BD930000302,Dhaka,Uttara,1230,Bangladesh
BD9335536036,Dhaka,Banani,1213,Bangladesh
BD9345287522,Dhaka,Banani,1213,Bangladesh
BD94180024579,Dhaka,Mirpur,1216,Bangladesh
BD95113107829,Dhaka,Gulshan,1212,Bangladesh
BD96081059574,Dhaka,Uttara,1230,Bangladesh
BD97660073421,Dhaka,Farmgate,1215,Bangladesh
BD98962621935,Dhaka,Dhanmondi,1209,Bangladesh
BD99414497507,Dhaka,Banani,1213,Bangladesh